researcher_id,researcher_name,title,link,cited_by,year,authors,journal
EgnY4REAAAAJ,Helene Greige,Basics and properties of deep eutectic solvents: a review,https://scholar.google.com/citations?view_op=view_citation&hl=en&user=EgnY4REAAAAJ&citation_for_view=EgnY4REAAAAJ:abG-DnoFyZgC,716,2021,"T El Achkar, H Greige-Gerges, S Fourmentin","Environmental chemistry letters 19, 3397-3408"
EgnY4REAAAAJ,Helene Greige,Nanoprecipitation process: From encapsulation to drug delivery,https://scholar.google.com/citations?view_op=view_citation&hl=en&user=EgnY4REAAAAJ&citation_for_view=EgnY4REAAAAJ:fPk4N6BV_jEC,694,2017,"CJM Rivas, M Tarhini, W Badri, K Miladi, H Greige-Gerges, QA Nazari, ...","International journal of pharmaceutics 532 (1), 66-81"
EgnY4REAAAAJ,Helene Greige,Protein-based nanoparticles: From preparation to encapsulation of active molecules,https://scholar.google.com/citations?view_op=view_citation&hl=en&user=EgnY4REAAAAJ&citation_for_view=EgnY4REAAAAJ:RGFaLdJalmkC,371,2017,"M Tarhini, H Greige-Gerges, A Elaissari","International journal of pharmaceutics 522 (1-2), 172-197"
EgnY4REAAAAJ,Helene Greige,Preparation and characterization of clove essential oil-loaded liposomes,https://scholar.google.com/citations?view_op=view_citation&hl=en&user=EgnY4REAAAAJ&citation_for_view=EgnY4REAAAAJ:Tyk-4Ss8FVUC,313,2015,"C Sebaaly, A Jraij, H Fessi, C Charcosset, H Greige-Gerges","Food chemistry 178, 52-62"
EgnY4REAAAAJ,Helene Greige,Deep eutectic solvents: An overview on their interactions with water and biochemical compounds,https://scholar.google.com/citations?view_op=view_citation&hl=en&user=EgnY4REAAAAJ&citation_for_view=EgnY4REAAAAJ:LkGwnXOMwfcC,300,2019,"T El Achkar, S Fourmentin, H Greige-Gerges","Journal of Molecular Liquids 288, 111028"
EgnY4REAAAAJ,Helene Greige,Cholesterol modulates the liposome membrane fluidity and permeability for a hydrophilic molecule,https://scholar.google.com/citations?view_op=view_citation&hl=en&user=EgnY4REAAAAJ&citation_for_view=EgnY4REAAAAJ:qUcmZB5y_30C,273,2018,"S Kaddah, N Khreich, F Kaddah, C Charcosset, H Greige-Gerges","Food and Chemical Toxicology 113, 40-48"
EgnY4REAAAAJ,Helene Greige,Essential oils encapsulated in liposomes: a review,https://scholar.google.com/citations?view_op=view_citation&hl=en&user=EgnY4REAAAAJ&citation_for_view=EgnY4REAAAAJ:ns9cj8rnVeAC,268,2013,"M Sherry, C Charcosset, H Fessi, H Greige-Gerges","Journal of liposome research 23 (4), 268-275"
EgnY4REAAAAJ,Helene Greige,Liposomes incorporating cyclodextrin–drug inclusion complexes: Current state of knowledge,https://scholar.google.com/citations?view_op=view_citation&hl=en&user=EgnY4REAAAAJ&citation_for_view=EgnY4REAAAAJ:j3f4tGmQtD8C,183,2015,"R Gharib, H Greige-Gerges, S Fourmentin, C Charcosset, L Auezova","Carbohydrate Polymers 129, 175-186"
EgnY4REAAAAJ,Helene Greige,Metabolism of parabens (4-hydroxybenzoic acid esters) by hepatic esterases and UDP-glucuronosyltransferases in man,https://scholar.google.com/citations?view_op=view_citation&hl=en&user=EgnY4REAAAAJ&citation_for_view=EgnY4REAAAAJ:HDshCWvjkbEC,181,2010,"S Abbas, H Greige-Gerges, N Karam, MH Piet, P Netter, J Magdalou","Drug metabolism and pharmacokinetics 25 (6), 568-577"
EgnY4REAAAAJ,Helene Greige,"Promising applications of cyclodextrins in food: Improvement of essential oils retention, controlled release and antiradical activity",https://scholar.google.com/citations?view_op=view_citation&hl=en&user=EgnY4REAAAAJ&citation_for_view=EgnY4REAAAAJ:JV2RwH3_ST0C,149,2015,"M Kfoury, L Auezova, H Greige-Gerges, S Fourmentin","Carbohydrate Polymers 131, 264-272"
EgnY4REAAAAJ,Helene Greige,"Encapsulation of NSAIDs for inflammation management: overview, progress, challenges and prospects",https://scholar.google.com/citations?view_op=view_citation&hl=en&user=EgnY4REAAAAJ&citation_for_view=EgnY4REAAAAJ:9ZlFYXVOiuMC,132,2016,"W Badri, K Miladi, QA Nazari, H Greige-Gerges, H Fessi, A Elaissari","International journal of pharmaceutics 515 (1-2), 757-773"
EgnY4REAAAAJ,Helene Greige,Encapsulation in cyclodextrins to widen the applications of essential oils,https://scholar.google.com/citations?view_op=view_citation&hl=en&user=EgnY4REAAAAJ&citation_for_view=EgnY4REAAAAJ:UeHWp8X0CEIC,127,2019,"M Kfoury, L Auezova, H Greige-Gerges, S Fourmentin","Environmental Chemistry Letters 17, 129-143"
EgnY4REAAAAJ,Helene Greige,Protein-based nanoparticle preparation via nanoprecipitation method,https://scholar.google.com/citations?view_op=view_citation&hl=en&user=EgnY4REAAAAJ&citation_for_view=EgnY4REAAAAJ:YFjsv_pBGBYC,125,2018,"M Tarhini, I Benlyamani, S Hamdani, G Agusti, H Fessi, H Greige-Gerges, ...","Materials 11 (3), 394"
EgnY4REAAAAJ,Helene Greige,"Effect of composition, hydrogenation of phospholipids and lyophilization on the characteristics of eugenol-loaded liposomes prepared by ethanol injection method",https://scholar.google.com/citations?view_op=view_citation&hl=en&user=EgnY4REAAAAJ&citation_for_view=EgnY4REAAAAJ:HoB7MX3m0LUC,125,2016,"C Sebaaly, H Greige-Gerges, S Stainmesse, H Fessi, C Charcosset","Food bioscience 15, 1-10"
EgnY4REAAAAJ,Helene Greige,Complexation of estragole as pure compound and as main component of basil and tarragon essential oils with cyclodextrins,https://scholar.google.com/citations?view_op=view_citation&hl=en&user=EgnY4REAAAAJ&citation_for_view=EgnY4REAAAAJ:dhFuZR0502QC,119,2015,"M Kfoury, L Auezova, S Ruellan, H Greige-Gerges, S Fourmentin","Carbohydrate polymers 118, 156-164"
EgnY4REAAAAJ,Helene Greige,Clove essential oil-in-cyclodextrin-in-liposomes in the aqueous and lyophilized states: From laboratory to large scale using a membrane contactor,https://scholar.google.com/citations?view_op=view_citation&hl=en&user=EgnY4REAAAAJ&citation_for_view=EgnY4REAAAAJ:ufrVoPGSRksC,112,2016,"C Sebaaly, C Charcosset, S Stainmesse, H Fessi, H Greige-Gerges","Carbohydrate Polymers 138, 75-85"
EgnY4REAAAAJ,Helene Greige,"Novel findings for quercetin encapsulation and preservation with cyclodextrins, liposomes, and drug-in-cyclodextrin-in-liposomes",https://scholar.google.com/citations?view_op=view_citation&hl=en&user=EgnY4REAAAAJ&citation_for_view=EgnY4REAAAAJ:35N4QoGY0k4C,111,2018,"J Azzi, A Jraij, L Auezova, S Fourmentin, H Greige-Gerges","Food Hydrocolloids 81, 328-340"
EgnY4REAAAAJ,Helene Greige,"Solubility, photostability and antifungal activity of phenylpropanoids encapsulated in cyclodextrins",https://scholar.google.com/citations?view_op=view_citation&hl=en&user=EgnY4REAAAAJ&citation_for_view=EgnY4REAAAAJ:yD5IFk8b50cC,108,2016,"M Kfoury, ALH Sahraoui, N Bourdon, F Laruelle, J Fontaine, L Auezova, ...","Food chemistry 196, 518-525"
EgnY4REAAAAJ,Helene Greige,Genotoxic and epigenotoxic effects of fine particulate matter from rural and urban sites in Lebanon on human bronchial epithelial cells,https://scholar.google.com/citations?view_op=view_citation&hl=en&user=EgnY4REAAAAJ&citation_for_view=EgnY4REAAAAJ:K3LRdlH-MEoC,106,2015,"M Borgie, F Ledoux, A Verdin, F Cazier, H Greige, P Shirali, D Courcot, ...","Environmental research 136, 352-362"
EgnY4REAAAAJ,Helene Greige,"Cyclodextrin, an efficient tool for trans-anethole encapsulation: Chromatographic, spectroscopic, thermal and structural studies",https://scholar.google.com/citations?view_op=view_citation&hl=en&user=EgnY4REAAAAJ&citation_for_view=EgnY4REAAAAJ:J_g5lzvAfSwC,104,2014,"M Kfoury, L Auezova, H Greige-Gerges, S Ruellan, S Fourmentin","Food chemistry 164, 454-461"
EgnY4REAAAAJ,Helene Greige,Cyclodextrin-membrane interaction in drug delivery and membrane structure maintenance,https://scholar.google.com/citations?view_op=view_citation&hl=en&user=EgnY4REAAAAJ&cstart=20&pagesize=80&citation_for_view=EgnY4REAAAAJ:blknAaTinKkC,103,2019,"Z Hammoud, N Khreich, L Auezova, S Fourmentin, A Elaissari, ...","International journal of pharmaceutics 564, 59-76"
EgnY4REAAAAJ,Helene Greige,Drug-in-cyclodextrin-in-liposomes as a carrier system for volatile essential oil components: Application to anethole,https://scholar.google.com/citations?view_op=view_citation&hl=en&user=EgnY4REAAAAJ&cstart=20&pagesize=80&citation_for_view=EgnY4REAAAAJ:-f6ydRqryjwC,97,2017,"R Gharib, L Auezova, C Charcosset, H Greige-Gerges","Food chemistry 218, 365-371"
EgnY4REAAAAJ,Helene Greige,Cucurbitacins from Ecballium elaterium juice increase the binding of bilirubin and ibuprofen to albumin in human plasma,https://scholar.google.com/citations?view_op=view_citation&hl=en&user=EgnY4REAAAAJ&cstart=20&pagesize=80&citation_for_view=EgnY4REAAAAJ:WF5omc3nYNoC,94,2007,"H Greige-Gerges, R Abou Khalil, E Abou Mansour, J Magdalou, ...","Chemico-Biological Interactions 169 (1), 53-62"
EgnY4REAAAAJ,Helene Greige,"Challenges for cysteamine stabilization, quantification, and biological effects improvement",https://scholar.google.com/citations?view_op=view_citation&hl=en&user=EgnY4REAAAAJ&cstart=20&pagesize=80&citation_for_view=EgnY4REAAAAJ:e5wmG9Sq2KIC,92,2020,"C Atallah, C Charcosset, H Greige-Gerges","Journal of Pharmaceutical Analysis 10 (6), 499-516"
EgnY4REAAAAJ,Helene Greige,New findings on the incorporation of essential oil components into liposomes composed of lipoid S100 and cholesterol,https://scholar.google.com/citations?view_op=view_citation&hl=en&user=EgnY4REAAAAJ&cstart=20&pagesize=80&citation_for_view=EgnY4REAAAAJ:zYLM7Y9cAGgC,92,2019,"Z Hammoud, R Gharib, S Fourmentin, A Elaissari, H Greige-Gerges","International journal of pharmaceutics 561, 161-170"
EgnY4REAAAAJ,Helene Greige,Effect of cyclodextrin complexation on phenylpropanoids’ solubility and antioxidant activity,https://scholar.google.com/citations?view_op=view_citation&hl=en&user=EgnY4REAAAAJ&cstart=20&pagesize=80&citation_for_view=EgnY4REAAAAJ:lSLTfruPkqcC,90,2014,"M Kfoury, D Landy, L Auezova, H Greige-Gerges, S Fourmentin","Beilstein journal of organic chemistry 10 (1), 2322-2331"
EgnY4REAAAAJ,Helene Greige,"Encapsulation of natural active compounds, enzymes, and probiotics for fruit juice fortification, preservation, and processing: An overview",https://scholar.google.com/citations?view_op=view_citation&hl=en&user=EgnY4REAAAAJ&cstart=20&pagesize=80&citation_for_view=EgnY4REAAAAJ:QIV2ME_5wuYC,88,2018,"E Ephrem, A Najjar, C Charcosset, H Greige-Gerges","Journal of Functional Foods 48, 65-84"
EgnY4REAAAAJ,Helene Greige,Effect of cyclodextrin and cosolvent on the solubility and antioxidant activity of caffeic acid,https://scholar.google.com/citations?view_op=view_citation&hl=en&user=EgnY4REAAAAJ&cstart=20&pagesize=80&citation_for_view=EgnY4REAAAAJ:ldfaerwXgEUC,83,2019,"M Kfoury, C Geagea, S Ruellan, H Greige-Gerges, S Fourmentin","Food Chemistry 278, 163-169"
EgnY4REAAAAJ,Helene Greige,Recent advances in tackling microbial multidrug resistance with essential oils: Combinatorial and nano-based strategies,https://scholar.google.com/citations?view_op=view_citation&hl=en&user=EgnY4REAAAAJ&cstart=20&pagesize=80&citation_for_view=EgnY4REAAAAJ:3s1wT3WcHBgC,82,2020,"A Trifan, SV Luca, H Greige-Gerges, A Miron, E Gille, AC Aprotosoaie","Critical Reviews in Microbiology 46 (3), 338-357"
EgnY4REAAAAJ,Helene Greige,Microextraction of bioactive compounds using deep eutectic solvents: a review,https://scholar.google.com/citations?view_op=view_citation&hl=en&user=EgnY4REAAAAJ&cstart=20&pagesize=80&citation_for_view=EgnY4REAAAAJ:1sJd4Hv_s6UC,78,2021,"L Nakhle, M Kfoury, I Mallard, D Landy, H Greige-Gerges","Environmental Chemistry Letters 19, 3747-3759"
EgnY4REAAAAJ,Helene Greige,Investigation of monoterpenes complexation with hydroxypropyl-β-cyclodextrin,https://scholar.google.com/citations?view_op=view_citation&hl=en&user=EgnY4REAAAAJ&cstart=20&pagesize=80&citation_for_view=EgnY4REAAAAJ:M3ejUd6NZC8C,78,2014,"M Kfoury, L Auezova, S Fourmentin, H Greige-Gerges","Journal of Inclusion Phenomena and Macrocyclic Chemistry 80, 51-60"
EgnY4REAAAAJ,Helene Greige,Determination of formation constants and structural characterization of cyclodextrin inclusion complexes with two phenolic isomers: Carvacrol and thymol,https://scholar.google.com/citations?view_op=view_citation&hl=en&user=EgnY4REAAAAJ&cstart=20&pagesize=80&citation_for_view=EgnY4REAAAAJ:7PzlFSSx8tAC,75,2016,"M Kfoury, D Landy, S Ruellan, L Auezova, H Greige-Gerges, ...","Beilstein Journal of Organic Chemistry 12 (1), 29-42"
EgnY4REAAAAJ,Helene Greige,Cyclodextrins: from solute to solvent,https://scholar.google.com/citations?view_op=view_citation&hl=en&user=EgnY4REAAAAJ&cstart=20&pagesize=80&citation_for_view=EgnY4REAAAAJ:TFP_iSt0sucC,74,2020,"T El Achkar, T Moufawad, S Ruellan, D Landy, H Greige-Gerges, ...","Chemical communications 56 (23), 3385-3388"
EgnY4REAAAAJ,Helene Greige,Chitosan-coating effect on the characteristics of liposomes: A focus on bioactive compounds and essential oils: A review,https://scholar.google.com/citations?view_op=view_citation&hl=en&user=EgnY4REAAAAJ&cstart=20&pagesize=80&citation_for_view=EgnY4REAAAAJ:b0M2c_1WBrUC,72,2021,"C Sebaaly, A Trifan, E Sieniawska, H Greige-Gerges","Processes 9 (3), 445"
EgnY4REAAAAJ,Helene Greige,First evaluation of drug-in-cyclodextrin-in-liposomes as an encapsulating system for nerolidol,https://scholar.google.com/citations?view_op=view_citation&hl=en&user=EgnY4REAAAAJ&cstart=20&pagesize=80&citation_for_view=EgnY4REAAAAJ:_Qo2XoVZTnwC,72,2018,"J Azzi, L Auezova, PE Danjou, S Fourmentin, H Greige-Gerges","Food chemistry 255, 399-404"
EgnY4REAAAAJ,Helene Greige,"Prevention by dietary polyphenols (resveratrol, quercetin, apigenin) against 7-ketocholesterol-induced oxiapoptophagy in neuronal N2a cells: potential interest for the …",https://scholar.google.com/citations?view_op=view_citation&hl=en&user=EgnY4REAAAAJ&cstart=20&pagesize=80&citation_for_view=EgnY4REAAAAJ:f2IySw72cVMC,68,2020,"A Yammine, A Zarrouk, T Nury, A Vejux, N Latruffe, D Vervandier-Fasseur, ...","Cells 9 (11), 2346"
EgnY4REAAAAJ,Helene Greige,Nootkatone encapsulation by cyclodextrins: Effect on water solubility and photostability,https://scholar.google.com/citations?view_op=view_citation&hl=en&user=EgnY4REAAAAJ&cstart=20&pagesize=80&citation_for_view=EgnY4REAAAAJ:Wp0gIr-vW9MC,62,2017,"M Kfoury, D Landy, S Ruellan, L Auezova, H Greige-Gerges, ...","Food Chemistry 236, 41-48"
EgnY4REAAAAJ,Helene Greige,"Liposomal membrane permeability assessment by fluorescence techniques: Main permeabilizing agents, applications and challenges",https://scholar.google.com/citations?view_op=view_citation&hl=en&user=EgnY4REAAAAJ&cstart=20&pagesize=80&citation_for_view=EgnY4REAAAAJ:hFOr9nPyWt4C,61,2020,"G Nasr, H Greige-Gerges, A Elaissari, N Khreich","International Journal of Pharmaceutics 580, 119198"
EgnY4REAAAAJ,Helene Greige,Optimisation of rosemary oil encapsulation in polycaprolactone and scale-up of the process,https://scholar.google.com/citations?view_op=view_citation&hl=en&user=EgnY4REAAAAJ&cstart=20&pagesize=80&citation_for_view=EgnY4REAAAAJ:R3hNpaxXUhUC,53,2014,"E Ephrem, H Greige-Gerges, H Fessi, C Charcosset","Journal of microencapsulation 31 (8), 746-753"
EgnY4REAAAAJ,Helene Greige,Improvement of skin whitening agents efficiency through encapsulation: Current state of knowledge,https://scholar.google.com/citations?view_op=view_citation&hl=en&user=EgnY4REAAAAJ&cstart=20&pagesize=80&citation_for_view=EgnY4REAAAAJ:a0OBvERweLwC,52,2017,"E Ephrem, H Elaissari, H Greige-Gerges","International Journal of Pharmaceutics 526 (1-2), 50-68"
EgnY4REAAAAJ,Helene Greige,p-Hydroxybenzoate esters metabolism in MCF7 breast cancer cells,https://scholar.google.com/citations?view_op=view_citation&hl=en&user=EgnY4REAAAAJ&cstart=20&pagesize=80&citation_for_view=EgnY4REAAAAJ:iH-uZ7U-co4C,52,2012,"Z Dagher, M Borgie, J Magdalou, R Chahine, H Greige-Gerges","Food and chemical toxicology 50 (11), 4109-4114"
EgnY4REAAAAJ,Helene Greige,"Comparison between ultrafine and fine particulate matter collected in Lebanon: Chemical characterization, in vitro cytotoxic effects and metabolizing enzymes gene expression in …",https://scholar.google.com/citations?view_op=view_citation&hl=en&user=EgnY4REAAAAJ&cstart=20&pagesize=80&citation_for_view=EgnY4REAAAAJ:L8Ckcad2t8MC,50,2015,"M Borgie, Z Dagher, F Ledoux, A Verdin, F Cazier, P Martin, A Hachimi, ...","Environmental Pollution 205, 250-260"
EgnY4REAAAAJ,Helene Greige,Interaction of triterpenoids with human serum albumin: A review,https://scholar.google.com/citations?view_op=view_citation&hl=en&user=EgnY4REAAAAJ&cstart=20&pagesize=80&citation_for_view=EgnY4REAAAAJ:UebtZRa9Y70C,47,2017,"R Abboud, C Charcosset, H Greige-Gerges","Chemistry and Physics of Lipids 207, 260-270"
EgnY4REAAAAJ,Helene Greige,"Effect of hydroxypropyl-β–cyclodextrin on lipid membrane fluidity, stability and freeze-drying of liposomes",https://scholar.google.com/citations?view_op=view_citation&hl=en&user=EgnY4REAAAAJ&cstart=20&pagesize=80&citation_for_view=EgnY4REAAAAJ:qxL8FJ1GzNcC,46,2018,"R Gharib, S Fourmentin, C Charcosset, H Greige-Gerges","Journal of Drug Delivery Science and Technology 44, 101-107"
EgnY4REAAAAJ,Helene Greige,Large-scale preparation of clove essential oil and eugenol-loaded liposomes using a membrane contactor and a pilot plant,https://scholar.google.com/citations?view_op=view_citation&hl=en&user=EgnY4REAAAAJ&cstart=20&pagesize=80&citation_for_view=EgnY4REAAAAJ:isC4tDSrTZIC,46,2016,"C Sebaaly, H Greige-Gerges, G Agusti, H Fessi, C Charcosset","Journal of liposome research 26 (2), 126-138"
EgnY4REAAAAJ,Helene Greige,New generation of supramolecular mixtures: characterization and solubilization studies,https://scholar.google.com/citations?view_op=view_citation&hl=en&user=EgnY4REAAAAJ&cstart=20&pagesize=80&citation_for_view=EgnY4REAAAAJ:Y0pCki6q_DkC,44,2020,"T El Achkar, L Moura, T Moufawad, S Ruellan, S Panda, S Longuemart, ...","International Journal of Pharmaceutics 584, 119443"
EgnY4REAAAAJ,Helene Greige,"The cucurbitacins E, D and I: investigation of their cytotoxicity toward human chondrosarcoma SW 1353 cell line and their biotransformation in man liver",https://scholar.google.com/citations?view_op=view_citation&hl=en&user=EgnY4REAAAAJ&cstart=20&pagesize=80&citation_for_view=EgnY4REAAAAJ:g5m5HwL7SMYC,43,2013,"S Abbas, JB Vincourt, L Habib, P Netter, H Greige-Gerges, J Magdalou","Toxicology letters 216 (2-3), 189-199"
EgnY4REAAAAJ,Helene Greige,Release studies of trans-anethole from β-cyclodextrin solid inclusion complexes by multiple headspace extraction,https://scholar.google.com/citations?view_op=view_citation&hl=en&user=EgnY4REAAAAJ&cstart=20&pagesize=80&citation_for_view=EgnY4REAAAAJ:IWHjjKOFINEC,40,2016,"M Kfoury, L Auezova, H Greige-Gerges, KL Larsen, S Fourmentin","Carbohydrate Polymers 151, 1245-1250"
EgnY4REAAAAJ,Helene Greige,Chemical characteristics of PM2. 5–0.3 and PM0. 3 and consequence of a dust storm episode at an urban site in Lebanon,https://scholar.google.com/citations?view_op=view_citation&hl=en&user=EgnY4REAAAAJ&cstart=20&pagesize=80&citation_for_view=EgnY4REAAAAJ:d1gkVwhDpl0C,37,2016,"M Borgie, F Ledoux, Z Dagher, A Verdin, F Cazier, L Courcot, P Shirali, ...","Atmospheric Research 180, 274-286"
EgnY4REAAAAJ,Helene Greige,Human serum albumin nanoparticles as nanovector carriers for proteins: Application to the antibacterial proteins “neutrophil elastase” and “secretory leukocyte protease inhibitor”,https://scholar.google.com/citations?view_op=view_citation&hl=en&user=EgnY4REAAAAJ&cstart=20&pagesize=80&citation_for_view=EgnY4REAAAAJ:rO6llkc54NcC,35,2020,"M Tarhini, A Pizzoccaro, I Benlyamani, C Rebaud, H Greige-Gerges, ...","International journal of pharmaceutics 579, 119150"
EgnY4REAAAAJ,Helene Greige,Hydroxypropyl-ß-cyclodextrin as a membrane protectant during freeze-drying of hydrogenated and non-hydrogenated liposomes and molecule-in-cyclodextrin-in-liposomes: Application …,https://scholar.google.com/citations?view_op=view_citation&hl=en&user=EgnY4REAAAAJ&cstart=20&pagesize=80&citation_for_view=EgnY4REAAAAJ:NMxIlDl6LWMC,35,2018,"R Gharib, H Greige-Gerges, S Fourmentin, C Charcosset","Food Chemistry 267, 67-74"
EgnY4REAAAAJ,Helene Greige,"Prevention of 7-ketocholesterol-induced overproduction of reactive oxygen species, mitochondrial dysfunction and cell death with major nutrients (polyphenols, ω3 and ω9 …",https://scholar.google.com/citations?view_op=view_citation&hl=en&user=EgnY4REAAAAJ&cstart=20&pagesize=80&citation_for_view=EgnY4REAAAAJ:_kc_bZDykSQC,34,2020,"A Yammine, T Nury, A Vejux, N Latruffe, D Vervandier-Fasseur, M Samadi, ...","Molecules 25 (10), 2296"
EgnY4REAAAAJ,Helene Greige,Drug-in-hydroxypropyl-β-cyclodextrin-in-lipoid S100/cholesterol liposomes: Effect of the characteristics of essential oil components on their encapsulation and release,https://scholar.google.com/citations?view_op=view_citation&hl=en&user=EgnY4REAAAAJ&cstart=20&pagesize=80&citation_for_view=EgnY4REAAAAJ:RYcK_YlVTxYC,32,2020,"Z Hammoud, R Gharib, S Fourmentin, A Elaissari, H Greige-Gerges","International Journal of Pharmaceutics 579, 119151"
EgnY4REAAAAJ,Helene Greige,Interaction of cucurbitacins with human serum albumin: thermodynamic characteristics and influence on the binding of site specific ligands,https://scholar.google.com/citations?view_op=view_citation&hl=en&user=EgnY4REAAAAJ&cstart=20&pagesize=80&citation_for_view=EgnY4REAAAAJ:2osOgNQ5qMEC,32,2009,"R Abou-Khalil, A Jraij, J Magdalou, N Ouaini, D Tome, H Greige-Gerges","Journal of Photochemistry and Photobiology B: Biology 95 (3), 189-195"
EgnY4REAAAAJ,Helene Greige,Interaction of selected phenylpropenes with dipalmitoylphosphatidylcholine membrane and their relevance to antibacterial activity,https://scholar.google.com/citations?view_op=view_citation&hl=en&user=EgnY4REAAAAJ&cstart=20&pagesize=80&citation_for_view=EgnY4REAAAAJ:dfsIfKJdRG4C,31,2017,"R Gharib, A Najjar, L Auezova, C Charcosset, H Greige-Gerges","The Journal of Membrane Biology 250, 259-271"
EgnY4REAAAAJ,Helene Greige,Tetra-and penta-cyclic triterpenes interaction with lipid bilayer membrane: a structural comparative study,https://scholar.google.com/citations?view_op=view_citation&hl=en&user=EgnY4REAAAAJ&cstart=20&pagesize=80&citation_for_view=EgnY4REAAAAJ:u_35RYKgDlwC,31,2016,"R Abboud, C Charcosset, H Greige-Gerges","The Journal of Membrane Biology 249, 327-338"
EgnY4REAAAAJ,Helene Greige,Eugenol encapsulation into conventional liposomes and chitosan-coated liposomes: A comparative study,https://scholar.google.com/citations?view_op=view_citation&hl=en&user=EgnY4REAAAAJ&cstart=20&pagesize=80&citation_for_view=EgnY4REAAAAJ:nb7KW1ujOQ8C,28,2022,"C Sebaaly, S Haydar, H Greige-Gerges","Journal of Drug Delivery Science and Technology 67, 102942"
EgnY4REAAAAJ,Helene Greige,Effect of cucurbitacins on bilirubin–albumin binding in human plasma,https://scholar.google.com/citations?view_op=view_citation&hl=en&user=EgnY4REAAAAJ&cstart=20&pagesize=80&citation_for_view=EgnY4REAAAAJ:4DMP91E08xMC,28,2007,"H Greige-Gerges, R Abou Khalil, R Chahine, C Haddad, W Harb, ...","Life sciences 80 (6), 579-585"
EgnY4REAAAAJ,Helene Greige,Antibacterial activity of free or encapsulated selected phenylpropanoids against Escherichia coli and Staphylococcus epidermidis,https://scholar.google.com/citations?view_op=view_citation&hl=en&user=EgnY4REAAAAJ&cstart=20&pagesize=80&citation_for_view=EgnY4REAAAAJ:kNdYIx-mwKoC,27,2020,"L Auezova, A Najjar, M Kfoury, S Fourmentin, H Greige‐Gerges","Journal of Applied Microbiology 128 (3), 710-720"
EgnY4REAAAAJ,Helene Greige,The effect of cyclodextrin complexation on the solubility and photostability of nerolidol as pure compound and as main constituent of cabreuva essential oil,https://scholar.google.com/citations?view_op=view_citation&hl=en&user=EgnY4REAAAAJ&cstart=20&pagesize=80&citation_for_view=EgnY4REAAAAJ:IjCSPb-OGe4C,27,2017,"J Azzi, PE Danjou, D Landy, S Ruellan, L Auezova, H Greige-Gerges, ...","Beilstein Journal of Organic Chemistry 13 (1), 835-844"
EgnY4REAAAAJ,Helene Greige,Insecticidal effects of natural products in free and encapsulated forms: An overview,https://scholar.google.com/citations?view_op=view_citation&hl=en&user=EgnY4REAAAAJ&cstart=20&pagesize=80&citation_for_view=EgnY4REAAAAJ:l7t_Zn2s7bgC,26,2022,"Z Hammoud, MB Abada, H Greige-Gerges, A Elaissari, JMB Jemâa","Journal of Natural Pesticide Research 1, 100007"
EgnY4REAAAAJ,Helene Greige,Post‐harvest management control of Ectomyelois ceratoniae (Zeller) (Lepidoptera: Pyralidae): new insights through essential oil encapsulation in cyclodextrin,https://scholar.google.com/citations?view_op=view_citation&hl=en&user=EgnY4REAAAAJ&cstart=20&pagesize=80&citation_for_view=EgnY4REAAAAJ:KlAtU1dfN6UC,26,2019,"MB Abada, SH Hamdi, R Gharib, C Messaoud, S Fourmentin, ...","Pest Management Science 75 (7), 2000-2008"
EgnY4REAAAAJ,Helene Greige,Preparation of drug-in-cyclodextrin-in-liposomes at a large scale using a membrane contactor: Application to trans-anethole,https://scholar.google.com/citations?view_op=view_citation&hl=en&user=EgnY4REAAAAJ&cstart=20&pagesize=80&citation_for_view=EgnY4REAAAAJ:0EnyYjriUFMC,26,2016,"R Gharib, H Greige-Gerges, A Jraij, L Auezova, C Charcosset","Carbohydrate Polymers 154, 276-286"
EgnY4REAAAAJ,Helene Greige,Development of a Total Organic Carbon method for the quantitative determination of solubility enhancement by cyclodextrins: Application to essential oils,https://scholar.google.com/citations?view_op=view_citation&hl=en&user=EgnY4REAAAAJ&cstart=20&pagesize=80&citation_for_view=EgnY4REAAAAJ:mB3voiENLucC,25,2016,"M Kfoury, L Auezova, H Greige-Gerges, S Fourmentin","Analytica Chimica Acta 918, 21-25"
EgnY4REAAAAJ,Helene Greige,Lipid membrane models for biomembrane properties’ investigation,https://scholar.google.com/citations?view_op=view_citation&hl=en&user=EgnY4REAAAAJ&cstart=20&pagesize=80&citation_for_view=EgnY4REAAAAJ:MXK_kJrjxJIC,24,2019,"C Sebaaly, H Greige-Gerges, C Charcosset","Current trends and future developments on (bio-) membranes, 311-340"
EgnY4REAAAAJ,Helene Greige,Elastic moduli of lipid membranes: Reproducibility of AFM measures,https://scholar.google.com/citations?view_op=view_citation&hl=en&user=EgnY4REAAAAJ&cstart=20&pagesize=80&citation_for_view=EgnY4REAAAAJ:EUQCXRtRnyEC,23,2021,"J Eid, H Greige-Gerges, L Monticelli, A Jraij","Chemistry and Physics of Lipids 234, 105011"
EgnY4REAAAAJ,Helene Greige,"Preparation and characterization of liposomes incorporating cucurbitacin E, a natural cytotoxic triterpene",https://scholar.google.com/citations?view_op=view_citation&hl=en&user=EgnY4REAAAAJ&cstart=20&pagesize=80&citation_for_view=EgnY4REAAAAJ:_FxGoFyzp5QC,23,2013,"L Habib, N Khreich, A Jraij, S Abbas, J Magdalou, C Charcosset, ...","International Journal of Pharmaceutics 448 (1), 313-319"
EgnY4REAAAAJ,Helene Greige,Effect of quercetin on lipid membrane rigidity: Assessment by atomic force microscopy and molecular dynamics simulations,https://scholar.google.com/citations?view_op=view_citation&hl=en&user=EgnY4REAAAAJ&cstart=20&pagesize=80&citation_for_view=EgnY4REAAAAJ:CHSYGLWDkRkC,22,2021,"J Eid, A Jraij, H Greige-Gerges, L Monticelli","BBA advances 1, 100018"
EgnY4REAAAAJ,Helene Greige,"Effect of dimethylsulfoxide, ethanol, α-and β-cyclodextrins and their association on the solubility of natural bioactive compounds",https://scholar.google.com/citations?view_op=view_citation&hl=en&user=EgnY4REAAAAJ&cstart=20&pagesize=80&citation_for_view=EgnY4REAAAAJ:4TOpqqG69KYC,22,2020,"L Nakhle, M Kfoury, H Greige-Gerges, S Fourmentin","Journal of Molecular Liquids 310, 113156"
EgnY4REAAAAJ,Helene Greige,"First study on the release of a natural antimicrobial agent, estragole, from freeze-dried delivery systems based on cyclodextrins and liposomes",https://scholar.google.com/citations?view_op=view_citation&hl=en&user=EgnY4REAAAAJ&cstart=20&pagesize=80&citation_for_view=EgnY4REAAAAJ:eQOLeE2rZwMC,20,2019,"R Gharib, S Haydar, C Charcosset, S Fourmentin, H Greige-Gerges","Journal of Drug Delivery Science and Technology 52, 794-802"
EgnY4REAAAAJ,Helene Greige,Effect of a series of essential oil molecules on DPPC membrane fluidity: A biophysical study,https://scholar.google.com/citations?view_op=view_citation&hl=en&user=EgnY4REAAAAJ&cstart=20&pagesize=80&citation_for_view=EgnY4REAAAAJ:hMod-77fHWUC,19,2018,"R Gharib, L Auezova, C Charcosset, H Greige-Gerges","Journal of the Iranian Chemical Society 15, 75-84"
EgnY4REAAAAJ,Helene Greige,P-glycoprotein modulates oleanolic acid effects in hepatocytes cancer cells and zebrafish embryos,https://scholar.google.com/citations?view_op=view_citation&hl=en&user=EgnY4REAAAAJ&cstart=20&pagesize=80&citation_for_view=EgnY4REAAAAJ:YsMSGLbcyi4C,18,2020,"M Kayouka, A Hamade, E Saliba, F Najjar, D Landy, H Greige-Gerges","Chemico-Biological Interactions 315, 108892"
EgnY4REAAAAJ,Helene Greige,"Potential applications of cyclodextrin inclusion complexes, liposomes, and drug-in-cyclodextrin-in-liposome in food industry and packaging",https://scholar.google.com/citations?view_op=view_citation&hl=en&user=EgnY4REAAAAJ&cstart=20&pagesize=80&citation_for_view=EgnY4REAAAAJ:2P1L_qKh6hAC,18,2018,"C Sebaaly, C Charcosset, S Fourmentin, H Greige-Gerges","Role of materials science in food bioengineering, 187-234"
EgnY4REAAAAJ,Helene Greige,Ferutinin stability in human plasma and interaction with human serum albumin,https://scholar.google.com/citations?view_op=view_citation&hl=en&user=EgnY4REAAAAJ&cstart=20&pagesize=80&citation_for_view=EgnY4REAAAAJ:r0BpntZqJG4C,18,2008,"H Greige‐Gerges, Y Diab, J Farah, J Magdalou, C Haddad, N Ouaini","Biopharmaceutics & Drug Disposition 29 (2), 83-89"
EgnY4REAAAAJ,Helene Greige,Understanding the basics and properties of deep eutectic solvents,https://scholar.google.com/citations?view_op=view_citation&hl=en&user=EgnY4REAAAAJ&cstart=20&pagesize=80&citation_for_view=EgnY4REAAAAJ:pyW8ca7W8N0C,17,2020,"T El Achkar, H Greige-Gerges, S Fourmentin","Deep Eutectic Solvents for Medicine, Gas Solubilization and Extraction of …"
EgnY4REAAAAJ,Helene Greige,"Effect of progesterone, its hydroxylated and methylated derivatives, and dydrogesterone on lipid bilayer membranes",https://scholar.google.com/citations?view_op=view_citation&hl=en&user=EgnY4REAAAAJ&cstart=20&pagesize=80&citation_for_view=EgnY4REAAAAJ:mVmsd5A6BfQC,17,2015,"R Abboud, H Greige-Gerges, C Charcosset","The Journal of Membrane Biology 248, 811-824"
EgnY4REAAAAJ,Helene Greige,"Morphological and physicochemical characterization of liposomes loading cucurbitacin E, an anti-proliferative natural tetracyclic triterpene",https://scholar.google.com/citations?view_op=view_citation&hl=en&user=EgnY4REAAAAJ&cstart=20&pagesize=80&citation_for_view=EgnY4REAAAAJ:4JMBOYKVnBMC,17,2014,"L Habib, A Jraij, N Khreich, H Fessi, C Charcosset, H Greige-Gerges","Chemistry and Physics of Lipids 177, 64-70"
EgnY4REAAAAJ,Helene Greige,Encapsulation of Rosmarinus officinalis essential oil and of its main components in cyclodextrin: application to the control of the date moth Ectomyelois ceratoniae (Pyralidae),https://scholar.google.com/citations?view_op=view_citation&hl=en&user=EgnY4REAAAAJ&cstart=20&pagesize=80&citation_for_view=EgnY4REAAAAJ:4fKUyHm3Qg0C,16,2023,"M Ben Abada, A Soltani, M Tahri, S Haoual Hamdi, E Boushih, ...","Pest management science 79 (7), 2433-2442"
EgnY4REAAAAJ,Helene Greige,Encapsulation of α-pinene in delivery systems based on liposomes and cyclodextrins,https://scholar.google.com/citations?view_op=view_citation&hl=en&user=EgnY4REAAAAJ&cstart=20&pagesize=80&citation_for_view=EgnY4REAAAAJ:dshw04ExmUIC,16,2021,"Z Hammoud, M Kayouka, A Trifan, E Sieniawska, JMB Jemâa, A Elaissari, ...","Molecules 26 (22), 6840"
EgnY4REAAAAJ,Helene Greige,Corticoids modulate liposome membrane fluidity and permeability depending on membrane composition and experimental protocol design,https://scholar.google.com/citations?view_op=view_citation&hl=en&user=EgnY4REAAAAJ&cstart=20&pagesize=80&citation_for_view=EgnY4REAAAAJ:pqnbT2bcN3wC,16,2018,"S Kaddah, N Khreich, F Kaddah, L Khrouz, C Charcosset, ...","Biochimie 153, 33-45"
EgnY4REAAAAJ,Helene Greige,"Effect of erythrodiol, a natural pentacyclic triterpene from olive oil, on the lipid membrane properties",https://scholar.google.com/citations?view_op=view_citation&hl=en&user=EgnY4REAAAAJ&cstart=20&pagesize=80&citation_for_view=EgnY4REAAAAJ:YOwf2qJgpHMC,16,2015,"L Habib, A Jraij, N Khreich, C Charcosset, H Greige-Gerges","The Journal of Membrane Biology 248, 1079-1087"
EgnY4REAAAAJ,Helene Greige,Selection of nerolidol among a series of terpenic and phenolic compounds for its potent activity against Lactobacillus fermentum ATCC 9338,https://scholar.google.com/citations?view_op=view_citation&hl=en&user=EgnY4REAAAAJ&cstart=20&pagesize=80&citation_for_view=EgnY4REAAAAJ:bEWYMUwI8FkC,15,2019,"E Ephrem, A Najjar, C Charcosset, H Greige-Gerges","Process Biochemistry 80, 146-156"
EgnY4REAAAAJ,Helene Greige,Biophysical methods: Complementary tools to study the influence of human steroid hormones on the liposome membrane properties,https://scholar.google.com/citations?view_op=view_citation&hl=en&user=EgnY4REAAAAJ&cstart=20&pagesize=80&citation_for_view=EgnY4REAAAAJ:NaGl4SEjCO4C,15,2018,"R Abboud, C Charcosset, H Greige-Gerges","Biochimie 153, 13-25"
EgnY4REAAAAJ,Helene Greige,Reviewing the binding of a series of parabens to human serum albumin,https://scholar.google.com/citations?view_op=view_citation&hl=en&user=EgnY4REAAAAJ&cstart=20&pagesize=80&citation_for_view=EgnY4REAAAAJ:ZeXyd9-uunAC,15,2013,"H Greige‐Gerges, R Kaissi, J Magdalou, A Jraij","Biopharmaceutics & drug disposition 34 (3), 186-194"
EgnY4REAAAAJ,Helene Greige,Stability of cucurbitacin E in human plasma: chemical hydrolysis and role of plasma esterases.,https://scholar.google.com/citations?view_op=view_citation&hl=en&user=EgnY4REAAAAJ&cstart=20&pagesize=80&citation_for_view=EgnY4REAAAAJ:aqlVkmm33-oC,15,2009,"M Saade, J Magdalou, N Ouaini, H Greige-Gerges","Biopharmaceutics & Drug Disposition 30 (7), 389-397"
EgnY4REAAAAJ,Helene Greige,Honokiol and magnolol: Insights into their antidermatophytic effects,https://scholar.google.com/citations?view_op=view_citation&hl=en&user=EgnY4REAAAAJ&cstart=20&pagesize=80&citation_for_view=EgnY4REAAAAJ:UxriW0iASnsC,14,2021,"A Trifan, AC Bostănaru, SV Luca, V Temml, M Akram, S Herdlinger, ...","Plants 10 (11), 2522"
EgnY4REAAAAJ,Helene Greige,Liposome permeability to essential oil components: a focus on cholesterol content,https://scholar.google.com/citations?view_op=view_citation&hl=en&user=EgnY4REAAAAJ&cstart=20&pagesize=80&citation_for_view=EgnY4REAAAAJ:NhqRSupF_l8C,14,2021,"G Nasr, H Greige-Gerges, A Elaissari, N Khreich","The Journal of Membrane Biology 254 (4), 381-395"
EgnY4REAAAAJ,Helene Greige,Development of cysteamine loaded liposomes in liquid and dried forms for improvement of cysteamine stability,https://scholar.google.com/citations?view_op=view_citation&hl=en&user=EgnY4REAAAAJ&cstart=20&pagesize=80&citation_for_view=EgnY4REAAAAJ:5nxA0vEk-isC,14,2020,"C Atallah, H Greige-Gerges, C Charcosset","International Journal of Pharmaceutics 589, 119721"
EgnY4REAAAAJ,Helene Greige,Solubilization of Eucalyptus citriodora essential oil and citronellal in deep eutectic solvents: water: cyclodextrins mixtures,https://scholar.google.com/citations?view_op=view_citation&hl=en&user=EgnY4REAAAAJ&cstart=20&pagesize=80&citation_for_view=EgnY4REAAAAJ:XiSMed-E-HIC,13,2022,"L Nakhle, M Kfoury, I Mallard, H Greige-Gerges, D Landy","Journal of Molecular Liquids 359, 119371"
EgnY4REAAAAJ,Helene Greige,Effect of cysteamine hydrochloride-loaded liposomes on skin depigmenting and penetration,https://scholar.google.com/citations?view_op=view_citation&hl=en&user=EgnY4REAAAAJ&cstart=20&pagesize=80&citation_for_view=EgnY4REAAAAJ:SP6oXDckpogC,13,2022,"C Atallah, C Viennet, S Robin, S Ibazizen, H Greige-Gerges, ...","European Journal of Pharmaceutical Sciences 168, 106082"
EgnY4REAAAAJ,Helene Greige,Apiaceae essential oils: Boosters of terbinafine activity against dermatophytes and potent anti-inflammatory effectors,https://scholar.google.com/citations?view_op=view_citation&hl=en&user=EgnY4REAAAAJ&cstart=20&pagesize=80&citation_for_view=EgnY4REAAAAJ:KxtntwgDAa4C,13,2021,"A Trifan, SV Luca, AC Bostănaru, M Brebu, A Jităreanu, RT Cristina, ...","Plants 10 (11), 2378"
EgnY4REAAAAJ,Helene Greige,Nanoparticles/nanoplatform to carry and deliver the drug molecules to the target site,https://scholar.google.com/citations?view_op=view_citation&hl=en&user=EgnY4REAAAAJ&cstart=20&pagesize=80&citation_for_view=EgnY4REAAAAJ:bFI3QPDXJZMC,13,2021,"M Tarhini, W Badri, H Greige-Gerges, H Fessi, A Elaïssari","Drug delivery devices and therapeutic systems, 249-266"
EgnY4REAAAAJ,Helene Greige,Use of free and encapsulated nerolidol to inhibit the survival of Lactobacillus fermentum in fresh orange juice,https://scholar.google.com/citations?view_op=view_citation&hl=en&user=EgnY4REAAAAJ&cstart=20&pagesize=80&citation_for_view=EgnY4REAAAAJ:k_IJM867U9cC,11,2019,"E Ephrem, A Najjar, C Charcosset, H Greige-Gerges","Food and Chemical Toxicology 133, 110795"
EgnY4REAAAAJ,Helene Greige,Cyclodextrins for essential oils applications,https://scholar.google.com/citations?view_op=view_citation&hl=en&user=EgnY4REAAAAJ&cstart=20&pagesize=80&citation_for_view=EgnY4REAAAAJ:u-x6o8ySG0sC,11,2018,"M Kfoury, L Auezova, H Greige-Gerges, S Fourmentin","Cyclodextrin applications in medicine, food, environment and liquid crystals …"
EgnY4REAAAAJ,Helene Greige,"Retention of Eucalyptol, a Natural Volatile Insecticide, in Delivery Systems Based on Hydroxypropyl‐β‐Cyclodextrin and Liposomes",https://scholar.google.com/citations?view_op=view_citation&hl=en&user=EgnY4REAAAAJ&cstart=20&pagesize=80&citation_for_view=EgnY4REAAAAJ:u5HHmVD_uO8C,10,2020,"R Gharib, JMB Jemâa, C Charcosset, S Fourmentin, H Greige‐Gerges","European Journal of Lipid Science and Technology 122 (5), 1900402"
EgnY4REAAAAJ,Helene Greige,Screening of Some Essential Oil Constituents as Potential Inhibitors of the ATP Synthase of Escherichia coli,https://scholar.google.com/citations?view_op=view_citation&hl=en&user=EgnY4REAAAAJ&cstart=20&pagesize=80&citation_for_view=EgnY4REAAAAJ:roLk4NBRz8UC,10,2019,"D Issa, A Najjar, H Greige‐Gerges, H Nehme","Journal of food science 84 (1), 138-146"
EgnY4REAAAAJ,Helene Greige,Interaction of glucocorticoids and progesterone derivatives with human serum albumin,https://scholar.google.com/citations?view_op=view_citation&hl=en&user=EgnY4REAAAAJ&cstart=20&pagesize=80&citation_for_view=EgnY4REAAAAJ:8k81kl-MbHgC,10,2017,"R Abboud, M Akil, C Charcosset, H Greige-Gerges","Chemistry and Physics of Lipids 207, 271-278"
EgnY4REAAAAJ,Helene Greige,"Activity of Na+/K+-and Ca2+-ATPases in human erythrocyte membranes: Protocol improvement, relation to cholesterol content, and effects of polyphenols",https://scholar.google.com/citations?view_op=view_citation&hl=en&user=EgnY4REAAAAJ&cstart=20&pagesize=80&citation_for_view=EgnY4REAAAAJ:B3FOqHPlNUQC,8,2023,"A Yammine, L Auezova, G Lizard, H Greige-Gerges","Biochimie 212, 95-105"
EgnY4REAAAAJ,Helene Greige,Methods for extraction of bioactive compounds from plant and animal matter using deep eutectic solvents,https://scholar.google.com/citations?view_op=view_citation&hl=en&user=EgnY4REAAAAJ&cstart=20&pagesize=80&citation_for_view=EgnY4REAAAAJ:D03iK_w7-QYC,6,2021,"L Nakhle, M Kfoury, I Mallard, D Landy, H Greige-Gerges","Deep eutectic solvents for medicine, gas solubilization and extraction of …"
EgnY4REAAAAJ,Helene Greige,First investigation of liposomes behavior and phospholipids organization in choline chloride-based deep eutectic solvents by atomic force microscopy,https://scholar.google.com/citations?view_op=view_citation&hl=en&user=EgnY4REAAAAJ&cstart=20&pagesize=80&citation_for_view=EgnY4REAAAAJ:RHpTSmoSYBkC,6,2020,"J Eid, T El Achkar, S Fourmentin, H Greige-Gerges, A Jraij","Journal of Molecular Liquids 306, 112851"
EgnY4REAAAAJ,Helene Greige,Essential oils encapsulation technologies: application to cloves,https://scholar.google.com/citations?view_op=view_citation&hl=en&user=EgnY4REAAAAJ&cstart=100&pagesize=100&citation_for_view=EgnY4REAAAAJ:vV6vV6tmYwMC,6,2015,"H Greige-Gerges, C Sebaaly",LAP LAMBERT Academic Publishing
EgnY4REAAAAJ,Helene Greige,Insights on cyclodextrin inclusion complexes in deep eutectic solvents: Water mixtures,https://scholar.google.com/citations?view_op=view_citation&hl=en&user=EgnY4REAAAAJ&cstart=100&pagesize=100&citation_for_view=EgnY4REAAAAJ:sSrBHYA8nusC,5,2023,"L Nakhle, M Kfoury, S Ruellan, H Greige-Gerges, D Landy","Journal of Molecular Structure 1293, 136260"
EgnY4REAAAAJ,Helene Greige,Pentacyclic triterpenes modulate liposome membrane fluidity and permeability depending on membrane cholesterol content,https://scholar.google.com/citations?view_op=view_citation&hl=en&user=EgnY4REAAAAJ&cstart=100&pagesize=100&citation_for_view=EgnY4REAAAAJ:P5F9QuxV20EC,5,2021,"S Kaddah, N Khreich, F Kaddah, C Charcosset, H Greige-Gerges","International Journal of Pharmaceutics 610, 121232"
EgnY4REAAAAJ,Helene Greige,Retention of a plethora of essential oils and aromas in deep eutectic solvent: water: cyclodextrin mixtures,https://scholar.google.com/citations?view_op=view_citation&hl=en&user=EgnY4REAAAAJ&cstart=100&pagesize=100&citation_for_view=EgnY4REAAAAJ:tS2w5q8j5-wC,4,2023,"L Nakhle, M Kfoury, H Greige-Gerges, D Landy","Journal of Inclusion Phenomena and Macrocyclic Chemistry 103 (1), 35-44"
EgnY4REAAAAJ,Helene Greige,"Cytoprotective effects of α-linolenic acid, eicosapentaenoic acid, docosahexaenoic acid, oleic acid and α-tocopherol on 7-ketocholesterol–Induced oxiapoptophagy: Major roles of …",https://scholar.google.com/citations?view_op=view_citation&hl=en&user=EgnY4REAAAAJ&cstart=100&pagesize=100&citation_for_view=EgnY4REAAAAJ:HE397vMXCloC,3,2024,"A Yammine, I Ghzaiel, V Pires, A Zarrouk, O Kharoubi, H Greige-Gerges, ...","Current Research in Toxicology 6, 100153"
EgnY4REAAAAJ,Helene Greige,"Cyclodextrins permeabilize DPPC liposome membranes: a focus on cholesterol content, cyclodextrin type, and concentration",https://scholar.google.com/citations?view_op=view_citation&hl=en&user=EgnY4REAAAAJ&cstart=100&pagesize=100&citation_for_view=EgnY4REAAAAJ:geHnlv5EZngC,3,2023,"G Nasr, H Greige-Gerges, S Fourmentin, A Elaissari, N Khreich","Beilstein Journal of Organic Chemistry 19 (1), 1570-1579"
EgnY4REAAAAJ,Helene Greige,Wastewater technology attenuates the toxicity of shisha smoking,https://scholar.google.com/citations?view_op=view_citation&hl=en&user=EgnY4REAAAAJ&cstart=100&pagesize=100&citation_for_view=EgnY4REAAAAJ:738O_yMBCRsC,3,2023,"H Greige-Gerges, P Gerges, J Lichtfouse, E Lichtfouse, S Fourmentin","Environmental Chemistry Letters 21 (2), 627-632"
EgnY4REAAAAJ,Helene Greige,Cyclodextrin polymers in combination with water and deep eutectic solvent for the retention of Eucalyptus citriodora essential oil,https://scholar.google.com/citations?view_op=view_citation&hl=en&user=EgnY4REAAAAJ&cstart=100&pagesize=100&citation_for_view=EgnY4REAAAAJ:tOudhMTPpwUC,3,2022,"L Nakhle, M Kfoury, I Mallard, H Greige-Gerges, D Landy","Journal of Inclusion Phenomena and Macrocyclic Chemistry 102 (11), 831-840"
EgnY4REAAAAJ,Helene Greige,Thermodynamic investigations on host/guest complexation in deep eutectic solvent/water mixtures,https://scholar.google.com/citations?view_op=view_citation&hl=en&user=EgnY4REAAAAJ&cstart=100&pagesize=100&citation_for_view=EgnY4REAAAAJ:SdhP9T11ey4C,2,2024,"L Nakhle, M Kfoury, S Fourmentin, H Greige-Gerges, D Landy","Comptes Rendus. Chimie 27 (S5), 1-9"
EgnY4REAAAAJ,Helene Greige,Advances in the application of liposomes in dairy industries,https://scholar.google.com/citations?view_op=view_citation&hl=en&user=EgnY4REAAAAJ&cstart=100&pagesize=100&citation_for_view=EgnY4REAAAAJ:08ZZubdj9fEC,2,2023,"C Sebaaly, H Greige-Gerges","Liposomal Encapsulation in Food Science and Technology, 125-144"
EgnY4REAAAAJ,Helene Greige,Isolation and Utilization of Essential Oils: As Antimicrobials and Boosters of Antimicrobial Drug Activity,https://scholar.google.com/citations?view_op=view_citation&hl=en&user=EgnY4REAAAAJ&cstart=100&pagesize=100&citation_for_view=EgnY4REAAAAJ:OU6Ihb5iCvQC,2,2022,"E Sieniawska, A Trifan, H Greige-Gerges","Processes 10 (2), 309"
EgnY4REAAAAJ,Helene Greige,P-Coumaric Acid in Poly (Amidoamine) G4 Dendrimer: Characterization and Toxicity Evaluation,https://scholar.google.com/citations?view_op=view_citation&hl=en&user=EgnY4REAAAAJ&cstart=100&pagesize=100&citation_for_view=EgnY4REAAAAJ:Tiz5es2fbqcC,2,2022,"G Nasr, MM Banaszak Holl, H Greige-Gerges, A Hamade, S Daakour",
EgnY4REAAAAJ,Helene Greige,p-Coumaric acid in poly (amidoamine) G4 dendrimer: Characterization and toxicity evaluation on zebrafish model,https://scholar.google.com/citations?view_op=view_citation&hl=en&user=EgnY4REAAAAJ&cstart=100&pagesize=100&citation_for_view=EgnY4REAAAAJ:vRqMK49ujn8C,1,2023,"G Nasr, S Daakour, MMB Holl, C Attallah, A Hamade, H Greige-Gerges","Journal of Drug Delivery Science and Technology 79, 104039"
EgnY4REAAAAJ,Helene Greige,"Bicelles as a carrier for bioactive compounds in beverages: application to nerolidol, an active sesquiterpene alcohol",https://scholar.google.com/citations?view_op=view_citation&hl=en&user=EgnY4REAAAAJ&cstart=100&pagesize=100&citation_for_view=EgnY4REAAAAJ:xtRiw3GOFMkC,1,2022,"E Ephrem, A Najjar, C Charcosset, H Greige-Gerges","Journal of Food Science and Technology 59 (3), 1030-1039"
EgnY4REAAAAJ,Helene Greige,Chitosan‐Camphor Beads as a Novel Starting Biomaterial: Insights Into Methodological Approaches for Preparation,https://scholar.google.com/citations?view_op=view_citation&hl=en&user=EgnY4REAAAAJ&cstart=100&pagesize=100&citation_for_view=EgnY4REAAAAJ:hkOj_22Ku90C,,2025,"C Sebaaly, P Gerges, H Greige","Biopolymers 116 (1), e23651"
EgnY4REAAAAJ,Helene Greige,Potential of cyclodextrin-based formulations of Rosmarinus officinalis essential oils in the control of the date moth Ectomyelois ceratoniae (Pyralidae),https://scholar.google.com/citations?view_op=view_citation&hl=en&user=EgnY4REAAAAJ&cstart=100&pagesize=100&citation_for_view=EgnY4REAAAAJ:ZuybSZzF8UAC,,2024,"M Ben Abada, A Soltani, S Haoual Hamdi, E Boushih, S Fourmentin, ...","International Journal of Environmental Health Research, 1-16"
EgnY4REAAAAJ,Helene Greige,Investigation of Cyclodextrin-Liposome Interaction: Key Lessons and Considerations,https://scholar.google.com/citations?view_op=view_citation&hl=en&user=EgnY4REAAAAJ&cstart=100&pagesize=100&citation_for_view=EgnY4REAAAAJ:VL0QpB8kHFEC,,2024,"H Greige-Gerges, C Sebaaly, R Gharib, Z Hammoud, J Azzi, C Atallah, ...",21th Cyclodextrin International Symposium
EgnY4REAAAAJ,Helene Greige,Preparation of cysteamine loaded liposomes by the ethanol injection method and a membrane micromixer,https://scholar.google.com/citations?view_op=view_citation&hl=en&user=EgnY4REAAAAJ&cstart=100&pagesize=100&citation_for_view=EgnY4REAAAAJ:N5tVd3kTz84C,,2023,"C Atallah, H Greige-Gerges, C Charcosset",14th European Congress of Chemical Engineering
EgnY4REAAAAJ,Helene Greige,Preparation of cysteamine loaded liposome formulations to increase cysteamine stability,https://scholar.google.com/citations?view_op=view_citation&hl=en&user=EgnY4REAAAAJ&cstart=100&pagesize=100&citation_for_view=EgnY4REAAAAJ:5awf1xo2G04C,,2022,"C Atallah, C Charcosset, H Greige-Gerges",7th International Symposium on Phospholipids in Pharmaceutical Research
EgnY4REAAAAJ,Helene Greige,"Special Issue: Isolation and Utilization of Essential Oils: As Antimicrobials and Boosters of Antimicrobial Drug Activity. Processes 2022, 10, 309",https://scholar.google.com/citations?view_op=view_citation&hl=en&user=EgnY4REAAAAJ&cstart=100&pagesize=100&citation_for_view=EgnY4REAAAAJ:WbkHhVStYXYC,,2022,"E Sieniawska, A Trifan, H Greige-Gerges","Isolation and Utilization of Essential Oils, 1"
EgnY4REAAAAJ,Helene Greige,Preparation of liposomes by classical ethanol injection and membrane contactor methods: Application to cysteamine encapsulation,https://scholar.google.com/citations?view_op=view_citation&hl=en&user=EgnY4REAAAAJ&cstart=100&pagesize=100&citation_for_view=EgnY4REAAAAJ:WqliGbK-hY8C,,2021,"C Atallah, H Greige-Gerges, C Charcosset",13th European Congress of Chemical Engineering and 6th European Congress of …
EgnY4REAAAAJ,Helene Greige,"Enhanced solubilization of essential oils by combining deep eutectic solvent, cyclodextrins and water",https://scholar.google.com/citations?view_op=view_citation&hl=en&user=EgnY4REAAAAJ&cstart=100&pagesize=100&citation_for_view=EgnY4REAAAAJ:dTyEYWd-f8wC,,2021,"L Nakhle, M Kfoury, I Mallard, H Greige-Gerges, D Landy",Second International Meeting on Deep Eutectic Systems
EgnY4REAAAAJ,Helene Greige,"Development of liposomal formulations to increase the stability of cysteamine, a natural bioactive compound",https://scholar.google.com/citations?view_op=view_citation&hl=en&user=EgnY4REAAAAJ&cstart=100&pagesize=100&citation_for_view=EgnY4REAAAAJ:ye4kPcJQO24C,,2021,"C Atallah, H Greige-Gerges, C Charcosset","12th World Meeting on Pharmaceutics, Biopharmaceutics and Pharmaceutical …"
EgnY4REAAAAJ,Helene Greige,Combinaison de solvants eutectiques profonds et de cyclodextrines pour la solubilisation de l'huile essentielle Eucalyptus Citriodora,https://scholar.google.com/citations?view_op=view_citation&hl=en&user=EgnY4REAAAAJ&cstart=100&pagesize=100&citation_for_view=EgnY4REAAAAJ:tkaPQYYpVKoC,,2021,"L Nakhle, M Kfoury, I Mallard, H Greige-Gerges, D Landy",Journées SFR Condorcet
EgnY4REAAAAJ,Helene Greige,"Preparation and characterization of cysteamine loaded liposomes using conventional ethanol injection and membrane contactor methods, ICOM 2020, 12th International Congress on …",https://scholar.google.com/citations?view_op=view_citation&hl=en&user=EgnY4REAAAAJ&cstart=100&pagesize=100&citation_for_view=EgnY4REAAAAJ:LjlpjdlvIbIC,,2020,"C Atallah, H Greige-Gerges, C Charcosset",ICOM 2020
EgnY4REAAAAJ,Helene Greige,Solubilization of Eucalyptus Citriodora essential oil in formulations based on deep eutectic solvents and cyclodextrins,https://scholar.google.com/citations?view_op=view_citation&hl=en&user=EgnY4REAAAAJ&cstart=100&pagesize=100&citation_for_view=EgnY4REAAAAJ:Y5dfb0dijaUC,,2020,"L Nakhle, M Kfoury, I Mallard, H Greige-Gerges, D Landy",Scientific meeting of the GDR solvate
EgnY4REAAAAJ,Helene Greige,Essential oils loaded in nano-delivery systems: a developing technique for the control of the date moth Ectomyelois ceratoniae under storage conditions.,https://scholar.google.com/citations?view_op=view_citation&hl=en&user=EgnY4REAAAAJ&cstart=100&pagesize=100&citation_for_view=EgnY4REAAAAJ:XiVPGOgt02cC,,2020,"MB Abada, SH Hamdi, R Gharib, E Boushih, C Messaoud, S Fourmentin, ...",
EgnY4REAAAAJ,Helene Greige,New Generation of Solvent based on Supramolecular Entities: SUPRADES,https://scholar.google.com/citations?view_op=view_citation&hl=en&user=EgnY4REAAAAJ&cstart=100&pagesize=100&citation_for_view=EgnY4REAAAAJ:Mojj43d5GZwC,,2019,"T El Achkar, L Moura, T Moufawad, S Panda, S Longuemart, D Landy, ...","1st International Meeting on Deep Eutectic Systems,"
EgnY4REAAAAJ,Helene Greige,SUPRADES: new solvents based on cyclodextrins,https://scholar.google.com/citations?view_op=view_citation&hl=en&user=EgnY4REAAAAJ&cstart=100&pagesize=100&citation_for_view=EgnY4REAAAAJ:9vf0nzSNQJEC,,2019,"T El Achkar, T Moufawad, S Longuemart, MC Gomes, D Landy, ...",4th International Summer School on Cyclodextrins
EgnY4REAAAAJ,Helene Greige,Solubilization of aromatic compounds and essential oils using deep eutectic solvents,https://scholar.google.com/citations?view_op=view_citation&hl=en&user=EgnY4REAAAAJ&cstart=100&pagesize=100&citation_for_view=EgnY4REAAAAJ:PELIpwtuRlgC,,2019,"T El Achkar, H Greige-Gerges, S Fourmentin",4th International Conference on Natural Products (ICNPU2019) Utilization …
EgnY4REAAAAJ,Helene Greige,Essential oil encapsulation in liposomes and drug-in-cyclodextrin-in-liposomes: effect of drug characteristics on drug encapsulation and release kinetics,https://scholar.google.com/citations?view_op=view_citation&hl=en&user=EgnY4REAAAAJ&cstart=100&pagesize=100&citation_for_view=EgnY4REAAAAJ:t6usbXjVLHcC,,2019,"Z Hammoud, R Gharib, JMB Jemâa, S Fourmentin, A Elaïssari, ...",4th International Conference on Natural Products (ICNPU2019)
EgnY4REAAAAJ,Helene Greige,SUPRADES: New generation of solvent based on supramolecular entities,https://scholar.google.com/citations?view_op=view_citation&hl=en&user=EgnY4REAAAAJ&cstart=100&pagesize=100&citation_for_view=EgnY4REAAAAJ:JoZmwDi-zQgC,,2019,"T El Achkar, T Moufawad, L Moura, S Ruellan, S Longuemart, D Landy, ...",The International Symposium on Green Chemistry (ISGC2019)
EgnY4REAAAAJ,Helene Greige,Identification of the drug physiochemical parameters modulating the encapsulation of essential oils in drug-in-cyclodextrin-in-liposome,https://scholar.google.com/citations?view_op=view_citation&hl=en&user=EgnY4REAAAAJ&cstart=100&pagesize=100&citation_for_view=EgnY4REAAAAJ:WA5NYHcadZ8C,,2019,"Z Hammoud, R Gharib, S Fourmentin, A Elaïssari, H Greige-Gerges",First Italian-Lebanese Science Meeting
EgnY4REAAAAJ,Helene Greige,Optimization of liposomes formulations for improving the depigmenting effect of cysteamine,https://scholar.google.com/citations?view_op=view_citation&hl=en&user=EgnY4REAAAAJ&cstart=100&pagesize=100&citation_for_view=EgnY4REAAAAJ:maZDTaKrznsC,,2019,"C Atallah, H Greige-Gerges, C Charcosset","Formulation days 2019, Advances in Formulation of actives ingredients"
EgnY4REAAAAJ,Helene Greige,Effet de co-solvants sur la reconnaissance moléculaire: exemple de l'éthanol et du DMSO,https://scholar.google.com/citations?view_op=view_citation&hl=en&user=EgnY4REAAAAJ&cstart=100&pagesize=100&citation_for_view=EgnY4REAAAAJ:_B80troHkn4C,,2018,"S Fourmentin, M Kfoury, C Geagea, L Nakhle, S Ruellan, ...",19èmes Journées Cyclodextrine
EgnY4REAAAAJ,Helene Greige,Cyclodextrin-lipid membrane interaction,https://scholar.google.com/citations?view_op=view_citation&hl=en&user=EgnY4REAAAAJ&cstart=100&pagesize=100&citation_for_view=EgnY4REAAAAJ:AXPGKjj_ei8C,,2018,"H Greige-Gerges, Z Hammoud, R Gharib, N Khreich, M Kfoury, C Sebaaly, ...",19èmes Journées Cyclodextrine
EgnY4REAAAAJ,Helene Greige,trans-Anethole–loaded cyclodextrin inclusion complex and conventional liposomes: physicochemical characteristics and antibacterial activity,https://scholar.google.com/citations?view_op=view_citation&hl=en&user=EgnY4REAAAAJ&cstart=100&pagesize=100&citation_for_view=EgnY4REAAAAJ:olpn-zPbct0C,,2018,"A Najjar, M Kfoury, S Fourmentin, H Greige-Gerges, L Auezova",GERLI 14th International Lipidomics Meeting
EgnY4REAAAAJ,Helene Greige,Les solvants eutectiques profonds: un moyen de solubilisation des arômes et des huiles essentielles,https://scholar.google.com/citations?view_op=view_citation&hl=en&user=EgnY4REAAAAJ&cstart=100&pagesize=100&citation_for_view=EgnY4REAAAAJ:eMMeJKvmdy0C,,2018,"T El Achkar, H Greige-Gerges, S Fourmentin",Journées Condorcet 2018
EgnY4REAAAAJ,Helene Greige,Antibacterial activity of nerolidol in free and encapsulated forms in orange juice,https://scholar.google.com/citations?view_op=view_citation&hl=en&user=EgnY4REAAAAJ&cstart=100&pagesize=100&citation_for_view=EgnY4REAAAAJ:Zph67rFs4hoC,,2018,"E Ephrem, A Najjar, C Charcosset, H Greige-Gerges","EuroSciCon Conference on Food Technology, Optimizing food and nutritional …"
EgnY4REAAAAJ,Helene Greige,Evaluation du potentiel pro-inflammatoire et pro-cancérigène de la pollution atmosphérique particulaire au Liban,https://scholar.google.com/citations?view_op=view_citation&hl=en&user=EgnY4REAAAAJ&cstart=100&pagesize=100&citation_for_view=EgnY4REAAAAJ:wbdj-CoPYUoC,,2017,"M Borgie, A Verdin, F Ledoux, Z Dagher, F Cazier, H Greige-Gerges, ...",3ème Colloque International Francophone en Environnement et Santé
EgnY4REAAAAJ,Helene Greige,Pentacylic triterpenes from olive oil modulate the lipid membrane permeability of liposomes,https://scholar.google.com/citations?view_op=view_citation&hl=en&user=EgnY4REAAAAJ&cstart=100&pagesize=100&citation_for_view=EgnY4REAAAAJ:9yKSN-GCB0IC,,2017,"S Kaddah, N Khreich, C Charcosset, H Greige-Gerges","3rd International Conference on Natural Products Utilization, From Plants to …"
EgnY4REAAAAJ,Helene Greige,Corticoids modulate the membrane permeability of large unilamellar liposomes,https://scholar.google.com/citations?view_op=view_citation&hl=en&user=EgnY4REAAAAJ&cstart=100&pagesize=100&citation_for_view=EgnY4REAAAAJ:GnPB-g6toBAC,,2017,"S Kaddah, N Khreich, C Charcosset, H Greige-Gerges",7th ENOR SYMPOSIUM on Oxysterols and sterol derivatives in health and disease
EgnY4REAAAAJ,Helene Greige,Freeze-dried drug-in-cyclodextrin-in liposome for essential oil preservation: application to estragole,https://scholar.google.com/citations?view_op=view_citation&hl=en&user=EgnY4REAAAAJ&cstart=100&pagesize=100&citation_for_view=EgnY4REAAAAJ:M3NEmzRMIkIC,,2017,"R Gharib, S Fourmentin, C Charcosset, H Greige-Gerges",Fifth International Symposium on Phospholipids in Pharmaceutical Research
EgnY4REAAAAJ,Helene Greige,Effect of cholesterol on liposome membrane permeability: Application to corticoids,https://scholar.google.com/citations?view_op=view_citation&hl=en&user=EgnY4REAAAAJ&cstart=100&pagesize=100&citation_for_view=EgnY4REAAAAJ:O3NaXMp0MMsC,,2017,"S Kaddah, C Charcosset, H Greige-Gerges",Bubble & Drop 2017
EgnY4REAAAAJ,Helene Greige,"Hydroxypropyl-ß-cyclodextrin, a membrane protectant during freeze-drying of conventional liposomes: application to phenylpropenes",https://scholar.google.com/citations?view_op=view_citation&hl=en&user=EgnY4REAAAAJ&cstart=100&pagesize=100&citation_for_view=EgnY4REAAAAJ:cFHS6HbyZ2cC,,2016,"R Gharib, H Greige-Gerges, L Auezova, C Charcosset","1st Food Chemistry Conference, Shaping the Future of Food Quality, Health …"
EgnY4REAAAAJ,Helene Greige,Ultrafine and fine particulate matter collected in Lebanon: Chemical composition and in vitro short-term cytotoxicity in a human lung cell line,https://scholar.google.com/citations?view_op=view_citation&hl=en&user=EgnY4REAAAAJ&cstart=100&pagesize=100&citation_for_view=EgnY4REAAAAJ:5ugPr518TE4C,,2016,"M Borgie, Z Dagher, F Ledoux, A Verdin, F Cazier, P Shirali, H Greige, ...",Atmospheric Processes in the Mediterranean (APM 2016)-5th ChArMEx …
EgnY4REAAAAJ,Helene Greige,Effet de l’HP-ß-CD sur la stabilité et la fluidité des membranes lipidiques,https://scholar.google.com/citations?view_op=view_citation&hl=en&user=EgnY4REAAAAJ&cstart=100&pagesize=100&citation_for_view=EgnY4REAAAAJ:TQgYirikUcIC,,2016,"R Gharib, S Fourmentin, C Charcosset, H Greige-Gerges",17ième Journées Cyclodextrines
EgnY4REAAAAJ,Helene Greige,Progestins and corticoids interaction with human serum albumin,https://scholar.google.com/citations?view_op=view_citation&hl=en&user=EgnY4REAAAAJ&cstart=100&pagesize=100&citation_for_view=EgnY4REAAAAJ:70eg2SAEIzsC,,2016,"R Abboud, C Charcosset, H Greige-Gerges",6th ENOR Symposium Current Trends in Oxysterols & Related Sterols …
EgnY4REAAAAJ,Helene Greige,"Effect of tetra-and penta-cyclic triterpenes on lipid bilayer fluidity by DSC, FTIR, Raman and fluorescence anisotropy",https://scholar.google.com/citations?view_op=view_citation&hl=en&user=EgnY4REAAAAJ&cstart=100&pagesize=100&citation_for_view=EgnY4REAAAAJ:Se3iqnhoufwC,,2016,"R Abboud, C Charcosset, A Gerges, H Greige-Gerges",6th ENOR Symposium Current Trends in Oxysterols & Related Sterols …
EgnY4REAAAAJ,Helene Greige,Chemical composition and in vitro short-term exposure to air pollution fine and ultrafine particles induced cytotoxicity and metabolic activation of organic compounds in a …,https://scholar.google.com/citations?view_op=view_citation&hl=en&user=EgnY4REAAAAJ&cstart=100&pagesize=100&citation_for_view=EgnY4REAAAAJ:V3AGJWp-ZtQC,,2016,"M Borgie, F Ledoux, A Verdin, Z Dagher, F Cazier, P Shirali, M Gualtieri, ...","Environment 42, 8113-8138"
EgnY4REAAAAJ,Helene Greige,Food Bioscience,https://scholar.google.com/citations?view_op=view_citation&hl=en&user=EgnY4REAAAAJ&cstart=100&pagesize=100&citation_for_view=EgnY4REAAAAJ:bnK-pcrLprsC,,2016,"C Sebaaly, H Greige-Gerges, S Stainmesse, H Fessi, C Charcosset",
EgnY4REAAAAJ,Helene Greige,Drug-in-cyclodextrin-in-liposomes as a carrier system for volatile essential oil,https://scholar.google.com/citations?view_op=view_citation&hl=en&user=EgnY4REAAAAJ&cstart=100&pagesize=100&citation_for_view=EgnY4REAAAAJ:eq2jaN3J8jMC,,2016,"R Gharib, L Auezova, C Charcosset, H Greige-Gerges",
EgnY4REAAAAJ,Helene Greige,Pollution atmosphérique au Liban: composition chimique des particules atmosphériques et évaluation de leur impact toxicologique in vitro,https://scholar.google.com/citations?view_op=view_citation&hl=en&user=EgnY4REAAAAJ&cstart=100&pagesize=100&citation_for_view=EgnY4REAAAAJ:5Ul4iDaHHb8C,,2015,"M Borgie, Z Dagher, F Ledoux, A Verdin, F Cazier, P Shirali, H Greige, ...",3èmes Journées Franco-Libanaises (JFL3)
EgnY4REAAAAJ,Helene Greige,Improvement of phenylpropenes anti-inflammatory effects by encapsulation in hydroxypropyl-β-cyclodextrin,https://scholar.google.com/citations?view_op=view_citation&hl=en&user=EgnY4REAAAAJ&cstart=100&pagesize=100&citation_for_view=EgnY4REAAAAJ:BrmTIyaxlBUC,,2015,"M Kfoury, M Borgie, A Verdin, F Ledoux, D Courcot, L Auezova, H Greige, ...",4th European Conference on Cyclodextrins EURO CD 2015
EgnY4REAAAAJ,Helene Greige,Cyclodextrin-anethole inclusion complex in liposomes: Preparation and characterization,https://scholar.google.com/citations?view_op=view_citation&hl=en&user=EgnY4REAAAAJ&cstart=100&pagesize=100&citation_for_view=EgnY4REAAAAJ:hqOjcs7Dif8C,,2015,"R Gharib, L Auezova, C Charcosset, H Greige-Gerges",5th International Conference for Colloids and Interfaces
EgnY4REAAAAJ,Helene Greige,Comparison between ultrafine and fine particulate matter: chemical characterization and in vitro toxicity in human bronchial epithelial cells BEAS-2B,https://scholar.google.com/citations?view_op=view_citation&hl=en&user=EgnY4REAAAAJ&cstart=100&pagesize=100&citation_for_view=EgnY4REAAAAJ:eflP2zaiRacC,,2015,"M Borgie, Z Dagher, F Ledoux, A Verdin, F Cazier, H Greige, P Shirali, ...",5th EFCA Ultrafine Particles Symposium
EgnY4REAAAAJ,Helene Greige,Chemical characterization and toxicological effects of atmospheric fine particulate matter on human bronchial epithelial cells,https://scholar.google.com/citations?view_op=view_citation&hl=en&user=EgnY4REAAAAJ&cstart=100&pagesize=100&citation_for_view=EgnY4REAAAAJ:eJXPG6dFmWUC,,2015,"M Borgie, Z Dagher, F Ledoux, A Verdin, F Cazier, H Greige, P Shirali, ...",SETAC (Society of Environmental Toxicology and Chemistry) Europe 25th Annual …
EgnY4REAAAAJ,Helene Greige,Chemical characterization and assessment of toxicological impact of fine and ultrafine atmospheric particulate matter collected in high traffic and background sites,https://scholar.google.com/citations?view_op=view_citation&hl=en&user=EgnY4REAAAAJ&cstart=100&pagesize=100&citation_for_view=EgnY4REAAAAJ:q3oQSFYPqjQC,,2015,"M Borgie, Z Dagher, F Ledoux, A Verdin, F Cazier, H Greige, P Shirali, ...",P4TA-CERTAM International Workshop: Characterization of Complex Nanoaerosol …
EgnY4REAAAAJ,Helene Greige,Binding of Monoterpenes to Human Serum Albumin: Investigation of the Effect of Hydrophobicity and Structure,https://scholar.google.com/citations?view_op=view_citation&hl=en&user=EgnY4REAAAAJ&cstart=100&pagesize=100&citation_for_view=EgnY4REAAAAJ:3fE2CSJIrl8C,,2015,"R Kaissi, F Abdallah, S Haidar, S Fourmentin, H Greige-Gerges","Journal of Colloid Science and Biotechnology 4 (1), 71-78"
EgnY4REAAAAJ,Helene Greige,Effects of phenylpropene substitutes on the stability of encapsulation in cyclodextrin,https://scholar.google.com/citations?view_op=view_citation&hl=en&user=EgnY4REAAAAJ&cstart=100&pagesize=100&citation_for_view=EgnY4REAAAAJ:W7OEmFMy1HYC,,2015,"M Kfoury, S Fourmentin, L Auezova, H Greige-Gerges","Lebanese Science Journal, 107-116"
EgnY4REAAAAJ,Helene Greige,Characteristics of soybean phospholipid liposomes incorporating clove essential oil,https://scholar.google.com/citations?view_op=view_citation&hl=en&user=EgnY4REAAAAJ&cstart=100&pagesize=100&citation_for_view=EgnY4REAAAAJ:hC7cP41nSMkC,,2014,"C Sebaaly, A Jraij, H Fessi, C Charcosset, H Greige-Gerges",28th International Federation of Societies of Cosmetic Chemists (IFSCC) Congress
EgnY4REAAAAJ,Helene Greige,"Fine particulate matter: chemical characterization, cytotoxicity, metabolic activation, genotoxicity and epigenetic alterations in human bronchial epithelial cells BEAS-2B",https://scholar.google.com/citations?view_op=view_citation&hl=en&user=EgnY4REAAAAJ&cstart=100&pagesize=100&citation_for_view=EgnY4REAAAAJ:VOx2b1Wkg3QC,,2014,"M Borgie, Z Dagher, F Ledoux, A Verdin, D Dewaele, P Genevray, ...",20th LAAS International Science Conference Advanced Research for Better Tomorrow
EgnY4REAAAAJ,Helene Greige,Preparation and characterization of liposomes loading clove essential oils using soybean lecithin-lipids of natural origin,https://scholar.google.com/citations?view_op=view_citation&hl=en&user=EgnY4REAAAAJ&cstart=100&pagesize=100&citation_for_view=EgnY4REAAAAJ:4OULZ7Gr8RgC,,2014,"C Sebaaly, A Jraij, H Fessi, C Charcosset, H Greige-Gerges",3rd ScienceOne Conference on Drug Discovery and Development
EgnY4REAAAAJ,Helene Greige,Characteristics of phospholipon 90H-liposomes loading clove essential oil and its main component eugenol,https://scholar.google.com/citations?view_op=view_citation&hl=en&user=EgnY4REAAAAJ&cstart=100&pagesize=100&citation_for_view=EgnY4REAAAAJ:zA6iFVUQeVQC,,2014,"C Sebaaly, A Jraij, H Fessi, C Charcosset, H Greige-Gerges",20th LAAS International Science Conference
EgnY4REAAAAJ,Helene Greige,"Fine particulate matter: chemical characterization, cytotoxicity, metabolic enzymes gene expression and epigenetic alterations in human bronchial epithelial cells BEAS-2B",https://scholar.google.com/citations?view_op=view_citation&hl=en&user=EgnY4REAAAAJ&cstart=100&pagesize=100&citation_for_view=EgnY4REAAAAJ:D_sINldO8mEC,,2013,"M Borgie, Z Dagher, F Ledoux, A Verdin, D Dewaele, P Genevray, ...",Urban Environmental Pollution 2013 (UEP2013)
EgnY4REAAAAJ,Helene Greige,"Particules atmosphériques urbaines et rurales: Caractérisation physico-chimique, cytotoxicité, induction des gènes du métabolisme et altérations épigénétiques dans des cellules …",https://scholar.google.com/citations?view_op=view_citation&hl=en&user=EgnY4REAAAAJ&cstart=100&pagesize=100&citation_for_view=EgnY4REAAAAJ:fQNAKQ3IYiAC,,2013,"M Borgie, F Ledoux, A Verdin, D Dewaele, P Genevray, F Cazier, ...",Secondes journées Franco-Libanaises JFL2
EgnY4REAAAAJ,Helene Greige,"Particules atmosphériques (PM2. 5) urbaines et rurales: caractérisation physico-chimique, cytotoxicité et induction des gènes du métabolisme dans des cellules épithéliales …",https://scholar.google.com/citations?view_op=view_citation&hl=en&user=EgnY4REAAAAJ&cstart=100&pagesize=100&citation_for_view=EgnY4REAAAAJ:1qzjygNMrQYC,,2013,"M Borgie, Z Dagher, F Ledoux, A Verdin, D Dewaele, P Genevray, ...",Journées scientifiques à l’Ecole Doctorale Sciences et Technologie (EDST …
EgnY4REAAAAJ,Helene Greige,Caractérisation physico-chimique de particules fines et ultrafines collectées au Liban et évaluation de leur impact toxicologique sur des cellules épithéliales bronchiques …,https://scholar.google.com/citations?view_op=view_citation&hl=en&user=EgnY4REAAAAJ&cstart=100&pagesize=100&citation_for_view=EgnY4REAAAAJ:mvPsJ3kp5DgC,,2013,"M Borgie, Z Dagher, F Ledoux, A Verdin, D Dewaele, P Genevray, ...",Congrès de la Société de Pharmaco-Toxicologie Cellulaire
EgnY4REAAAAJ,Helene Greige,"Chemical characterizations and evaluation of toxicological effects of fine and ultrafine airborne particulates collected in Lebanon, on human bronchial epithelial cells BEAS-2B",https://scholar.google.com/citations?view_op=view_citation&hl=en&user=EgnY4REAAAAJ&cstart=100&pagesize=100&citation_for_view=EgnY4REAAAAJ:LPZeul_q3PIC,,2013,"M Borgie, Z Dagher, F Ledoux, A Verdin, D Dewaele, F Cazier, H Greige, ...","EFCA International Symposium on ultrafine particles: Sources, Effects, Risks …"
EgnY4REAAAAJ,Helene Greige,Preparation and characterization of liposomes encapsulating eugenol by the ethanol injection method,https://scholar.google.com/citations?view_op=view_citation&hl=en&user=EgnY4REAAAAJ&cstart=100&pagesize=100&citation_for_view=EgnY4REAAAAJ:JQOojiI6XY0C,,2013,"C Sebaaly, M Sherry, N Khreich, A Jreij, C Charcosset, H Greige",19th LAAS International Science Conference
EgnY4REAAAAJ,Helene Greige,Various techniques to investigate the effect of Cucurbitacin E on phospholipid bilayers,https://scholar.google.com/citations?view_op=view_citation&hl=en&user=EgnY4REAAAAJ&cstart=100&pagesize=100&citation_for_view=EgnY4REAAAAJ:PR6Y55bgFSsC,,2013,"L Habib, A Jraij, N Khreich, H Greige, C Charcosset",International Soft Matter Conference 2013
EgnY4REAAAAJ,Helene Greige,Particules fines et ultrafines collectées au Liban: caractérisations physico-chimiques et évaluation des effets toxicologiques sur les cellules humaines BEAS-2B,https://scholar.google.com/citations?view_op=view_citation&hl=en&user=EgnY4REAAAAJ&cstart=100&pagesize=100&citation_for_view=EgnY4REAAAAJ:kRWSkSYxWN8C,,2012,"P Shirali, D Courcot, M Borgie, Z Dagher, F Ledoux, A Verdin, D Dewaele, ...",Rencontre scientifique des chercheurs IRENI
EgnY4REAAAAJ,Helene Greige,Physicochemical properties of Cucurbitacin E loaded liposomes,https://scholar.google.com/citations?view_op=view_citation&hl=en&user=EgnY4REAAAAJ&cstart=100&pagesize=100&citation_for_view=EgnY4REAAAAJ:UHK10RUVsp4C,,2012,"L Habib, N Khreich, A Jreij, H Greige, C Charcosset","Emulsification, Modeling, Technologies and Application, 25èmes Entretiens du …"
EgnY4REAAAAJ,Helene Greige,Physicochemical properties of phospholipid bilayers modified by Cucurbitacin E,https://scholar.google.com/citations?view_op=view_citation&hl=en&user=EgnY4REAAAAJ&cstart=100&pagesize=100&citation_for_view=EgnY4REAAAAJ:1yQoGdGgb4wC,,2012,"L Habib, A Jreij, N Khreich, H Greige, C Charcosset",Euromembrane 2012
EgnY4REAAAAJ,Helene Greige,"Epigenetic effects of fine and ultrafine air particles, collected in Lebanon, on human lung cells",https://scholar.google.com/citations?view_op=view_citation&hl=en&user=EgnY4REAAAAJ&cstart=100&pagesize=100&citation_for_view=EgnY4REAAAAJ:J-pR_7NvFogC,,2012,"M Borgie, Z Dagher, F Ledoux, H Greige, D Courcot, P Shirali",2ème Forum Doctoral Université Libanaise
EgnY4REAAAAJ,Helene Greige,[P1. 031] Physicochemical properties of phospholipid bilayers modified by cucurbitacin E,https://scholar.google.com/citations?view_op=view_citation&hl=en&user=EgnY4REAAAAJ&cstart=100&pagesize=100&citation_for_view=EgnY4REAAAAJ:dQ2og3OwTAUC,,2012,"L Habib, N Khreich, A Jreij, H Greige, C Charcosset","Procedia Engineering 44, 743-745"
EgnY4REAAAAJ,Helene Greige,Effect of biologically active cucurbitacins on the lipid membranes,https://scholar.google.com/citations?view_op=view_citation&hl=en&user=EgnY4REAAAAJ&cstart=100&pagesize=100&citation_for_view=EgnY4REAAAAJ:SeFeTyx0c_EC,,2012,"L Habib, N Khreich, A Jreij, C Charcosset, H Greige-Gerges","8th International Conference on Material Sciences (CSM8), 5th International …"
EgnY4REAAAAJ,Helene Greige,Cucurbitacin interaction with lipid membranes,https://scholar.google.com/citations?view_op=view_citation&hl=en&user=EgnY4REAAAAJ&cstart=100&pagesize=100&citation_for_view=EgnY4REAAAAJ:ULOm3_A8WrAC,,2012,"L Habib, A Jreij, N Khreich, C Charcosset, H Greige-Gerges",18th International Science Meeting: New Discoveries in Science
EgnY4REAAAAJ,Helene Greige,"Effect of Cucurbitacin E, cytotoxic natural triterpene, on the formation and stability of lipid vesicles",https://scholar.google.com/citations?view_op=view_citation&hl=en&user=EgnY4REAAAAJ&cstart=100&pagesize=100&citation_for_view=EgnY4REAAAAJ:BqipwSGYUEgC,,2011,"L Habib, J Obeid, N Khreich, C Charcosset, H Greige-Gerges",Advances in Biomedical Engineering
EgnY4REAAAAJ,Helene Greige,"Retention of eucalyptol, a natural volatile insecticide, in delivery systems based on hydroxypropyl-ß-cyclodextrin and liposomes Riham Gharib1, 2, 3, Jouda Mediouni Ben Jemâa4 …",https://scholar.google.com/citations?view_op=view_citation&hl=en&user=EgnY4REAAAAJ&cstart=100&pagesize=100&citation_for_view=EgnY4REAAAAJ:8AbLer7MMksC,,,H Greige-Gerges,
EgnY4REAAAAJ,Helene Greige,"Article 1 Encapsulation of α-pinene, a natural bio-insecticide, in delivery systems based on liposomes and drug-in-cyclodextrin-in-liposomes",https://scholar.google.com/citations?view_op=view_citation&hl=en&user=EgnY4REAAAAJ&cstart=100&pagesize=100&citation_for_view=EgnY4REAAAAJ:u9iWguZQMMsC,,,"Z Hammoud, M Kayouka, A Trifan, E Sieniawska, Ł Świątek, JMB Jemâa, ...",Encapsulation dans les liposomes d'agents actifs libres et sous forme de …
EgnY4REAAAAJ,Helene Greige,"Development of formulations to improve the controlled release of the insecticidal agent, camphor",https://scholar.google.com/citations?view_op=view_citation&hl=en&user=EgnY4REAAAAJ&cstart=100&pagesize=100&citation_for_view=EgnY4REAAAAJ:p2g8aNsByqUC,,,"Z Hammoud, JMB Jemâa, A Elaissari, H Greige-Gerges",Encapsulation dans les liposomes d'agents actifs libres et sous forme de …
EgnY4REAAAAJ,Helene Greige,Cyclodextrins as encapsulation agents for phenylpropanoids in solution and in solid state,https://scholar.google.com/citations?view_op=view_citation&hl=en&user=EgnY4REAAAAJ&cstart=100&pagesize=100&citation_for_view=EgnY4REAAAAJ:ZHo1McVdvXMC,,,"M Kfoury, S Fourmentin, L Auezova, H Greige-Gerges",
EgnY4REAAAAJ,Helene Greige,EFFETS DES SUBSTITUANTS DE PHÉNYLPROPÈNES SUR LA STABILITÉ,https://scholar.google.com/citations?view_op=view_citation&hl=en&user=EgnY4REAAAAJ&cstart=100&pagesize=100&citation_for_view=EgnY4REAAAAJ:qjMakFHDy7sC,,,"M Kfoury, S Fourmentin, L Auezova, H Greige-Gerges",
